Date,Time,Global_active_power,Global_reactive_power,Voltage,Global_intensity,Sub_metering_1,Sub_metering_2,Sub_metering_3
6/3/2008,13:24:00,1.342,0.050,242.850,5.400,0.000,0.000,0.0
6/3/2008,13:25:00,1.286,0.000,243.470,5.200,0.000,0.000,0.0
6/3/2008,13:26:00,1.312,0.000,243.180,5.400,0.000,0.000,0.0
6/3/2008,13:27:00,1.358,0.068,243.000,5.600,0.000,0.000,0.0
6/3/2008,13:28:00,1.454,0.196,242.710,6.000,0.000,0.000,0.0
6/3/2008,13:29:00,1.440,0.194,242.840,5.800,0.000,2.000,0.0
6/3/2008,13:30:00,1.438,0.194,242.940,5.800,0.000,1.000,0.0
6/3/2008,13:31:00,1.438,0.194,243.110,5.800,0.000,1.000,0.0
6/3/2008,13:32:00,1.438,0.194,243.060,5.800,0.000,2.000,0.0
6/3/2008,13:33:00,1.438,0.194,243.170,5.800,0.000,1.000,0.0
6/3/2008,13:34:00,1.434,0.194,242.870,5.800,0.000,2.000,0.0
6/3/2008,13:35:00,1.434,0.194,242.930,5.800,0.000,1.000,0.0
6/3/2008,13:36:00,1.430,0.192,242.570,5.800,0.000,2.000,0.0
6/3/2008,13:37:00,1.382,0.116,242.740,5.600,0.000,1.000,0.0
6/3/2008,13:38:00,1.362,0.086,242.650,5.600,0.000,1.000,0.0
6/3/2008,13:39:00,1.360,0.086,242.530,5.600,0.000,2.000,0.0
6/3/2008,13:40:00,1.360,0.086,242.460,5.600,0.000,1.000,0.0
6/3/2008,13:41:00,1.360,0.086,242.530,5.600,0.000,2.000,0.0
6/3/2008,13:42:00,1.350,0.084,241.710,5.600,0.000,1.000,0.0
6/3/2008,13:43:00,1.344,0.082,241.070,5.600,0.000,1.000,0.0
6/3/2008,13:44:00,1.350,0.082,241.710,5.600,0.000,2.000,0.0
6/3/2008,13:45:00,1.356,0.086,242.450,5.600,0.000,1.000,0.0
6/3/2008,13:46:00,1.344,0.082,241.430,5.400,0.000,1.000,0.0
6/3/2008,13:47:00,1.348,0.084,241.800,5.600,0.000,2.000,0.0
6/3/2008,13:48:00,1.354,0.084,242.580,5.600,0.000,1.000,0.0
6/3/2008,13:49:00,1.360,0.086,243.260,5.600,0.000,1.000,0.0
6/3/2008,13:50:00,1.358,0.086,243.210,5.600,0.000,1.000,0.0
6/3/2008,13:51:00,1.354,0.086,242.840,5.600,0.000,2.000,0.0
6/3/2008,13:52:00,1.350,0.084,242.450,5.400,0.000,1.000,0.0
6/3/2008,13:53:00,1.354,0.086,242.860,5.600,0.000,1.000,0.0
6/3/2008,13:54:00,1.352,0.086,242.790,5.600,0.000,1.000,0.0
6/3/2008,13:55:00,1.356,0.086,242.420,5.600,0.000,2.000,0.0
6/3/2008,13:56:00,1.344,0.082,241.180,5.600,0.000,1.000,0.0
6/3/2008,13:57:00,1.322,0.050,240.790,5.400,0.000,1.000,0.0
6/3/2008,13:58:00,1.278,0.000,241.650,5.200,0.000,0.000,0.0
6/3/2008,13:59:00,1.344,0.000,242.620,5.400,0.000,0.000,0.0
6/3/2008,14:00:00,1.400,0.102,242.900,5.600,0.000,0.000,0.0
6/3/2008,14:01:00,1.400,0.102,243.210,5.600,0.000,0.000,0.0
6/3/2008,14:02:00,1.380,0.098,242.040,5.600,0.000,0.000,0.0
6/3/2008,14:03:00,1.384,0.098,242.470,5.600,0.000,0.000,0.0
6/3/2008,14:04:00,1.380,0.098,242.300,5.600,0.000,0.000,0.0
6/3/2008,14:05:00,1.386,0.100,242.530,5.600,0.000,0.000,0.0
6/3/2008,14:06:00,1.380,0.096,241.910,5.600,0.000,0.000,0.0
6/3/2008,14:07:00,1.374,0.094,241.270,5.600,0.000,0.000,0.0
6/3/2008,14:08:00,1.364,0.092,240.330,5.600,0.000,0.000,0.0
6/3/2008,14:09:00,1.370,0.094,241.110,5.600,0.000,0.000,0.0
6/3/2008,14:10:00,1.462,0.190,241.840,6.000,0.000,0.000,0.0
6/3/2008,14:11:00,1.458,0.204,242.530,6.000,0.000,0.000,0.0
6/3/2008,14:12:00,1.464,0.206,243.240,6.000,0.000,0.000,0.0
6/3/2008,14:13:00,1.456,0.204,242.620,6.000,0.000,0.000,0.0
6/3/2008,14:14:00,1.446,0.200,241.740,6.000,0.000,0.000,0.0
6/3/2008,14:15:00,1.446,0.202,241.920,6.000,0.000,0.000,0.0
6/3/2008,14:16:00,1.448,0.202,242.310,6.000,0.000,0.000,0.0
6/3/2008,14:17:00,1.390,0.116,242.600,5.600,0.000,0.000,0.0
6/3/2008,14:18:00,1.358,0.068,242.890,5.600,0.000,0.000,0.0
6/3/2008,14:19:00,1.352,0.066,242.330,5.600,0.000,0.000,0.0
6/3/2008,14:20:00,1.334,0.000,242.590,5.400,0.000,0.000,0.0
6/3/2008,14:21:00,1.282,0.000,242.280,5.200,0.000,0.000,0.0
6/3/2008,14:22:00,1.284,0.000,242.480,5.200,0.000,0.000,0.0
6/3/2008,14:23:00,1.282,0.000,242.280,5.200,0.000,0.000,0.0
6/3/2008,14:24:00,1.284,0.000,242.540,5.200,0.000,0.000,0.0
6/3/2008,14:25:00,1.282,0.000,242.360,5.200,0.000,0.000,0.0
6/3/2008,14:26:00,1.278,0.000,241.800,5.200,0.000,0.000,0.0
6/3/2008,14:27:00,1.280,0.000,242.040,5.200,0.000,0.000,0.0
6/3/2008,14:28:00,1.280,0.000,242.160,5.200,0.000,0.000,0.0
6/3/2008,14:29:00,1.290,0.000,243.250,5.200,0.000,0.000,0.0
6/3/2008,14:30:00,1.286,0.000,243.180,5.200,0.000,0.000,0.0
6/3/2008,14:31:00,1.286,0.000,243.620,5.200,0.000,0.000,0.0
6/3/2008,14:32:00,1.288,0.000,243.720,5.200,0.000,0.000,0.0
6/3/2008,14:33:00,1.294,0.000,244.370,5.200,0.000,0.000,0.0
6/3/2008,14:34:00,1.296,0.000,244.550,5.200,0.000,0.000,0.0
6/3/2008,14:35:00,1.296,0.000,244.580,5.200,0.000,0.000,0.0
6/3/2008,14:36:00,1.296,0.000,244.130,5.200,0.000,0.000,0.0
6/3/2008,14:37:00,1.296,0.000,243.870,5.200,0.000,0.000,0.0
6/3/2008,14:38:00,1.296,0.000,243.790,5.200,0.000,0.000,0.0
6/3/2008,14:39:00,1.294,0.000,243.590,5.200,0.000,0.000,0.0
6/3/2008,14:40:00,1.292,0.000,243.450,5.200,0.000,0.000,0.0
6/3/2008,14:41:00,1.294,0.000,243.710,5.200,0.000,0.000,0.0
6/3/2008,14:42:00,1.300,0.000,244.310,5.200,0.000,0.000,0.0
6/3/2008,14:43:00,1.294,0.000,244.300,5.200,0.000,0.000,0.0
6/3/2008,14:44:00,1.292,0.000,244.130,5.200,0.000,0.000,0.0
6/3/2008,14:45:00,1.286,0.000,243.570,5.200,0.000,0.000,0.0
6/3/2008,14:46:00,1.290,0.000,244.030,5.200,0.000,0.000,0.0
6/3/2008,14:47:00,1.294,0.000,244.430,5.200,0.000,0.000,0.0
6/3/2008,14:48:00,1.294,0.000,244.400,5.200,0.000,0.000,0.0
6/3/2008,14:49:00,1.294,0.000,244.330,5.200,0.000,0.000,0.0
6/3/2008,14:50:00,1.290,0.000,244.090,5.200,0.000,0.000,0.0
6/3/2008,14:51:00,1.294,0.000,243.960,5.200,0.000,0.000,0.0
6/3/2008,14:52:00,1.352,0.000,244.830,5.400,0.000,0.000,0.0
6/3/2008,14:53:00,1.496,0.198,244.370,6.200,0.000,0.000,0.0
6/3/2008,14:54:00,1.486,0.212,244.410,6.000,0.000,0.000,0.0
6/3/2008,14:55:00,1.482,0.212,244.360,6.000,0.000,0.000,0.0
6/3/2008,14:56:00,1.476,0.212,244.420,6.000,0.000,0.000,0.0
6/3/2008,14:57:00,1.470,0.210,243.950,6.000,0.000,0.000,0.0
6/3/2008,14:58:00,1.464,0.208,243.660,6.000,0.000,0.000,0.0
6/3/2008,14:59:00,1.458,0.206,243.330,6.000,0.000,0.000,0.0
6/3/2008,15:00:00,1.452,0.204,242.860,6.000,0.000,0.000,0.0
6/3/2008,15:01:00,1.454,0.206,243.350,6.000,0.000,0.000,0.0
6/3/2008,15:02:00,1.458,0.208,243.750,6.000,0.000,0.000,0.0
6/3/2008,15:03:00,1.432,0.176,243.460,5.800,0.000,0.000,0.0
6/3/2008,15:04:00,1.386,0.102,243.840,5.600,0.000,0.000,0.0
6/3/2008,15:05:00,1.386,0.102,243.940,5.600,0.000,0.000,0.0
6/3/2008,15:06:00,1.400,0.106,244.770,5.600,0.000,0.000,0.0
6/3/2008,15:07:00,1.392,0.106,244.730,5.600,0.000,0.000,0.0
6/3/2008,15:08:00,1.390,0.106,244.520,5.600,0.000,0.000,0.0
6/3/2008,15:09:00,1.386,0.104,244.170,5.600,0.000,0.000,0.0
6/3/2008,15:10:00,1.370,0.082,244.210,5.600,0.000,0.000,0.0
6/3/2008,15:11:00,1.292,0.000,244.250,5.200,0.000,0.000,0.0
6/3/2008,15:12:00,1.290,0.000,243.960,5.200,0.000,0.000,0.0
6/3/2008,15:13:00,1.288,0.000,243.750,5.200,0.000,0.000,0.0
6/3/2008,15:14:00,1.286,0.000,243.550,5.200,0.000,0.000,0.0
6/3/2008,15:15:00,1.288,0.000,243.670,5.200,0.000,0.000,0.0
6/3/2008,15:16:00,1.290,0.000,243.860,5.200,0.000,0.000,0.0
6/3/2008,15:17:00,1.292,0.000,244.220,5.200,0.000,0.000,0.0
6/3/2008,15:18:00,1.300,0.000,244.930,5.200,0.000,0.000,0.0
6/3/2008,15:19:00,1.294,0.000,244.350,5.200,0.000,0.000,0.0
6/3/2008,15:20:00,1.294,0.000,244.330,5.200,0.000,0.000,0.0
6/3/2008,15:21:00,1.292,0.000,244.160,5.200,0.000,0.000,0.0
6/3/2008,15:22:00,1.288,0.000,243.830,5.200,0.000,0.000,0.0
6/3/2008,15:23:00,1.296,0.000,244.460,5.200,0.000,0.000,0.0
6/3/2008,15:24:00,1.294,0.000,244.430,5.200,0.000,0.000,0.0
6/3/2008,15:25:00,1.302,0.000,245.150,5.200,0.000,0.000,0.0
6/3/2008,15:26:00,1.292,0.000,244.130,5.200,0.000,0.000,0.0
6/3/2008,15:27:00,1.284,0.000,243.340,5.200,0.000,0.000,0.0
6/3/2008,15:28:00,1.288,0.000,243.730,5.200,0.000,0.000,0.0
6/3/2008,15:29:00,1.288,0.000,243.690,5.200,0.000,0.000,0.0
6/3/2008,15:30:00,1.280,0.000,242.820,5.200,0.000,0.000,0.0
6/3/2008,15:31:00,1.278,0.000,242.520,5.200,0.000,0.000,0.0
6/3/2008,15:32:00,1.274,0.000,242.200,5.200,0.000,0.000,0.0
6/3/2008,15:33:00,1.282,0.000,243.010,5.200,0.000,0.000,0.0
6/3/2008,15:34:00,1.280,0.000,242.770,5.200,0.000,0.000,0.0
6/3/2008,15:35:00,1.278,0.000,242.460,5.200,0.000,0.000,0.0
6/3/2008,15:36:00,1.368,0.068,242.110,5.600,0.000,0.000,0.0
6/3/2008,15:37:00,1.354,0.068,242.670,5.600,0.000,0.000,0.0
6/3/2008,15:38:00,1.348,0.066,242.080,5.400,0.000,0.000,0.0
6/3/2008,15:39:00,1.356,0.068,242.770,5.600,0.000,0.000,0.0
6/3/2008,15:40:00,1.354,0.068,242.640,5.600,0.000,0.000,0.0
6/3/2008,15:41:00,1.354,0.068,242.930,5.600,0.000,0.000,0.0
6/3/2008,15:42:00,1.356,0.070,243.170,5.600,0.000,0.000,0.0
6/3/2008,15:43:00,1.350,0.068,242.740,5.400,0.000,0.000,0.0
6/3/2008,15:44:00,1.340,0.064,241.670,5.400,0.000,0.000,0.0
6/3/2008,15:45:00,1.380,0.096,242.020,5.600,0.000,0.000,0.0
6/3/2008,15:46:00,1.382,0.096,241.750,5.600,0.000,0.000,0.0
6/3/2008,15:47:00,1.386,0.098,242.440,5.600,0.000,0.000,0.0
6/3/2008,15:48:00,1.384,0.098,242.340,5.600,0.000,0.000,0.0
6/3/2008,15:49:00,1.380,0.096,242.050,5.600,0.000,0.000,0.0
6/3/2008,15:50:00,1.378,0.096,241.920,5.600,0.000,0.000,0.0
6/3/2008,15:51:00,1.378,0.096,242.040,5.600,0.000,0.000,0.0
6/3/2008,15:52:00,1.376,0.096,241.920,5.600,0.000,0.000,0.0
6/3/2008,15:53:00,1.376,0.096,242.070,5.600,0.000,0.000,0.0
6/3/2008,15:54:00,1.370,0.096,241.650,5.600,0.000,0.000,0.0
6/3/2008,15:55:00,1.370,0.096,241.780,5.600,0.000,0.000,0.0
6/3/2008,15:56:00,1.368,0.096,241.600,5.600,0.000,0.000,0.0
6/3/2008,15:57:00,1.362,0.094,241.020,5.600,0.000,0.000,0.0
6/3/2008,15:58:00,1.366,0.096,241.600,5.600,0.000,0.000,0.0
6/3/2008,15:59:00,1.368,0.096,241.870,5.600,0.000,0.000,0.0
6/3/2008,16:00:00,1.366,0.096,241.690,5.600,0.000,0.000,0.0
6/3/2008,16:01:00,1.374,0.098,242.540,5.600,0.000,0.000,0.0
6/3/2008,16:02:00,1.374,0.100,242.640,5.600,0.000,0.000,0.0
6/3/2008,16:03:00,1.346,0.066,242.040,5.400,0.000,0.000,0.0
6/3/2008,16:04:00,1.276,0.000,242.150,5.200,0.000,0.000,0.0
6/3/2008,16:05:00,1.270,0.000,241.630,5.200,0.000,0.000,0.0
6/3/2008,16:06:00,1.282,0.000,242.190,5.200,0.000,0.000,0.0
6/3/2008,16:07:00,1.278,0.000,241.700,5.200,0.000,0.000,0.0
6/3/2008,16:08:00,1.276,0.000,241.470,5.200,0.000,0.000,0.0
6/3/2008,16:09:00,1.280,0.000,241.870,5.200,0.000,0.000,0.0
6/3/2008,16:10:00,1.284,0.000,242.250,5.200,0.000,0.000,0.0
6/3/2008,16:11:00,1.288,0.000,242.770,5.200,0.000,0.000,0.0
6/3/2008,16:12:00,1.284,0.000,242.310,5.200,0.000,0.000,0.0
6/3/2008,16:13:00,1.278,0.000,242.060,5.200,0.000,0.000,0.0
6/3/2008,16:14:00,1.276,0.000,242.330,5.200,0.000,0.000,0.0
6/3/2008,16:15:00,1.272,0.000,241.770,5.200,0.000,0.000,0.0
6/3/2008,16:16:00,1.284,0.000,242.280,5.200,0.000,0.000,0.0
6/3/2008,16:17:00,1.286,0.000,242.540,5.200,0.000,0.000,0.0
6/3/2008,16:18:00,1.330,0.000,241.980,5.400,0.000,0.000,0.0
6/3/2008,16:19:00,1.360,0.068,242.500,5.600,0.000,0.000,0.0
6/3/2008,16:20:00,1.356,0.066,242.080,5.600,0.000,0.000,0.0
6/3/2008,16:21:00,1.358,0.066,242.280,5.600,0.000,0.000,0.0
6/3/2008,16:22:00,1.352,0.064,241.630,5.600,0.000,0.000,0.0
6/3/2008,16:23:00,1.350,0.064,241.600,5.600,0.000,0.000,0.0
6/3/2008,16:24:00,1.346,0.064,241.420,5.600,0.000,0.000,0.0
6/3/2008,16:25:00,1.342,0.064,241.130,5.400,0.000,0.000,0.0
6/3/2008,16:26:00,1.398,0.126,241.010,5.800,0.000,0.000,0.0
6/3/2008,16:27:00,1.420,0.186,240.780,5.800,0.000,1.000,0.0
6/3/2008,16:28:00,1.384,0.130,240.970,5.600,0.000,2.000,0.0
6/3/2008,16:29:00,1.352,0.082,241.030,5.600,0.000,1.000,0.0
6/3/2008,16:30:00,1.354,0.082,241.270,5.600,0.000,1.000,0.0
6/3/2008,16:31:00,1.348,0.080,240.440,5.600,0.000,2.000,0.0
6/3/2008,16:32:00,1.350,0.080,240.650,5.600,0.000,1.000,0.0
6/3/2008,16:33:00,1.358,0.082,241.440,5.600,0.000,2.000,0.0
6/3/2008,16:34:00,1.362,0.084,241.920,5.600,0.000,1.000,0.0
6/3/2008,16:35:00,1.356,0.082,241.430,5.600,0.000,1.000,0.0
6/3/2008,16:36:00,1.364,0.084,242.220,5.600,0.000,2.000,0.0
6/3/2008,16:37:00,1.356,0.084,242.170,5.600,0.000,1.000,0.0
6/3/2008,16:38:00,1.350,0.082,241.650,5.600,0.000,2.000,0.0
6/3/2008,16:39:00,1.452,0.198,241.000,6.000,0.000,1.000,0.0
6/3/2008,16:40:00,1.458,0.218,241.580,6.000,0.000,1.000,0.0
6/3/2008,16:41:00,1.458,0.218,241.920,6.000,0.000,2.000,0.0
6/3/2008,16:42:00,1.458,0.220,242.110,6.000,0.000,1.000,0.0
6/3/2008,16:43:00,1.454,0.218,241.500,6.000,0.000,1.000,0.0
6/3/2008,16:44:00,1.452,0.216,241.320,6.000,0.000,2.000,0.0
6/3/2008,16:45:00,1.448,0.216,241.120,6.000,0.000,1.000,0.0
6/3/2008,16:46:00,1.450,0.216,241.530,6.000,0.000,1.000,0.0
6/3/2008,16:47:00,1.450,0.218,241.730,6.000,0.000,2.000,0.0
6/3/2008,16:48:00,1.446,0.218,241.510,6.000,0.000,1.000,0.0
6/3/2008,16:49:00,1.448,0.220,242.070,6.000,0.000,1.000,0.0
6/3/2008,16:50:00,1.440,0.218,241.750,6.000,0.000,1.000,0.0
6/3/2008,16:51:00,1.448,0.222,242.700,6.000,0.000,2.000,0.0
6/3/2008,16:52:00,1.456,0.228,243.650,6.000,0.000,1.000,0.0
6/3/2008,16:53:00,1.452,0.226,243.530,6.000,0.000,1.000,0.0
6/3/2008,16:54:00,1.454,0.226,243.700,6.000,0.000,1.000,0.0
6/3/2008,16:55:00,1.454,0.226,243.820,6.000,0.000,2.000,0.0
6/3/2008,16:56:00,1.454,0.226,243.860,6.000,0.000,1.000,0.0
6/3/2008,16:57:00,1.370,0.104,243.800,5.600,0.000,1.000,0.0
6/3/2008,16:58:00,1.338,0.052,243.180,5.400,0.000,1.000,0.0
6/3/2008,16:59:00,1.288,0.000,242.930,5.200,0.000,0.000,0.0
6/3/2008,17:00:00,1.282,0.000,242.310,5.200,0.000,0.000,0.0
6/3/2008,17:01:00,1.278,0.000,241.970,5.200,0.000,0.000,0.0
6/3/2008,17:02:00,1.364,0.058,242.070,5.600,0.000,0.000,0.0
6/3/2008,17:03:00,1.330,0.060,240.050,5.400,0.000,0.000,0.0
6/3/2008,17:04:00,1.322,0.056,239.160,5.400,0.000,0.000,0.0
6/3/2008,17:05:00,1.324,0.058,239.420,5.400,0.000,0.000,0.0
6/3/2008,17:06:00,1.322,0.058,239.430,5.400,0.000,0.000,0.0
6/3/2008,17:07:00,1.314,0.056,238.740,5.400,0.000,0.000,0.0
6/3/2008,17:08:00,1.318,0.058,239.200,5.400,0.000,0.000,0.0
6/3/2008,17:09:00,1.318,0.058,239.420,5.400,0.000,0.000,0.0
6/3/2008,17:10:00,1.332,0.062,240.930,5.400,0.000,0.000,0.0
6/3/2008,17:11:00,1.330,0.062,240.710,5.400,0.000,0.000,0.0
6/3/2008,17:12:00,1.278,0.000,240.420,5.200,0.000,0.000,0.0
6/3/2008,17:13:00,1.262,0.000,240.830,5.200,0.000,0.000,0.0
6/3/2008,17:14:00,1.266,0.000,241.200,5.200,0.000,0.000,0.0
6/3/2008,17:15:00,1.266,0.000,241.290,5.200,0.000,0.000,0.0
6/3/2008,17:16:00,1.258,0.000,240.340,5.200,0.000,0.000,0.0
6/3/2008,17:17:00,1.256,0.000,240.230,5.200,0.000,0.000,0.0
6/3/2008,17:18:00,1.258,0.000,240.320,5.200,0.000,0.000,0.0
6/3/2008,17:19:00,1.246,0.000,238.990,5.200,0.000,0.000,0.0
6/3/2008,17:20:00,1.242,0.000,238.560,5.200,0.000,0.000,0.0
6/3/2008,17:21:00,1.256,0.000,240.020,5.200,0.000,0.000,0.0
6/3/2008,17:22:00,1.250,0.000,239.520,5.200,0.000,0.000,0.0
6/3/2008,17:23:00,1.250,0.000,239.360,5.200,0.000,0.000,0.0
6/3/2008,17:24:00,1.254,0.000,239.750,5.200,0.000,0.000,0.0
6/3/2008,17:25:00,1.262,0.000,240.640,5.200,0.000,0.000,0.0
6/3/2008,17:26:00,1.256,0.000,240.210,5.200,0.000,0.000,0.0
6/3/2008,17:27:00,1.254,0.000,239.900,5.200,0.000,0.000,0.0
6/3/2008,17:28:00,1.264,0.000,240.870,5.200,0.000,0.000,0.0
6/3/2008,17:29:00,1.260,0.000,240.480,5.200,0.000,0.000,0.0
6/3/2008,17:30:00,1.258,0.000,240.310,5.200,0.000,0.000,0.0
6/3/2008,17:31:00,1.258,0.000,240.260,5.200,0.000,0.000,0.0
6/3/2008,17:32:00,1.376,0.088,240.140,5.600,0.000,0.000,0.0
6/3/2008,17:33:00,1.358,0.088,239.370,5.600,0.000,0.000,0.0
6/3/2008,17:34:00,1.350,0.086,238.820,5.600,0.000,0.000,0.0
6/3/2008,17:35:00,1.360,0.090,239.910,5.600,0.000,0.000,0.0
6/3/2008,17:36:00,1.360,0.090,240.140,5.600,0.000,0.000,0.0
6/3/2008,17:37:00,1.352,0.088,239.280,5.600,0.000,0.000,0.0
6/3/2008,17:38:00,1.344,0.086,238.600,5.600,0.000,0.000,0.0
6/3/2008,17:39:00,1.340,0.086,238.320,5.600,0.000,0.000,0.0
6/3/2008,17:40:00,1.344,0.086,238.730,5.600,0.000,0.000,0.0
6/3/2008,17:41:00,1.360,0.092,240.560,5.600,0.000,0.000,0.0
6/3/2008,17:42:00,1.356,0.092,240.260,5.600,0.000,0.000,0.0
6/3/2008,17:43:00,1.354,0.090,240.140,5.600,0.000,0.000,0.0
6/3/2008,17:44:00,1.348,0.090,239.640,5.600,0.000,0.000,0.0
6/3/2008,17:45:00,1.416,0.160,239.470,6.000,0.000,0.000,0.0
6/3/2008,17:46:00,1.428,0.194,240.200,6.000,0.000,0.000,0.0
6/3/2008,17:47:00,1.430,0.196,240.360,6.000,0.000,0.000,0.0
6/3/2008,17:48:00,1.418,0.192,239.510,5.800,0.000,0.000,0.0
6/3/2008,17:49:00,1.418,0.192,239.490,5.800,0.000,0.000,0.0
6/3/2008,17:50:00,1.328,0.060,239.920,5.400,0.000,0.000,0.0
6/3/2008,17:51:00,1.324,0.060,239.690,5.400,0.000,0.000,0.0
6/3/2008,17:52:00,1.314,0.058,238.640,5.400,0.000,0.000,0.0
6/3/2008,17:53:00,1.322,0.060,239.480,5.400,0.000,0.000,0.0
6/3/2008,17:54:00,1.322,0.060,239.730,5.400,0.000,0.000,0.0
6/3/2008,17:55:00,1.288,0.000,238.710,5.400,0.000,0.000,0.0
6/3/2008,17:56:00,1.248,0.000,239.100,5.200,0.000,0.000,0.0
6/3/2008,17:57:00,1.240,0.000,238.050,5.200,0.000,0.000,0.0
6/3/2008,17:58:00,1.238,0.000,237.370,5.200,0.000,0.000,0.0
6/3/2008,17:59:00,1.256,0.000,238.950,5.200,0.000,0.000,0.0
6/3/2008,18:00:00,1.254,0.000,238.940,5.200,0.000,0.000,0.0
6/3/2008,18:01:00,1.254,0.000,239.030,5.200,0.000,0.000,0.0
6/3/2008,18:02:00,1.264,0.000,240.020,5.200,0.000,0.000,0.0
6/3/2008,18:03:00,1.254,0.000,239.660,5.200,0.000,0.000,0.0
6/3/2008,18:04:00,1.258,0.000,240.100,5.200,0.000,0.000,0.0
6/3/2008,18:05:00,1.256,0.000,239.910,5.200,0.000,0.000,0.0
6/3/2008,18:06:00,1.252,0.000,239.510,5.200,0.000,0.000,0.0
6/3/2008,18:07:00,1.242,0.000,238.380,5.200,0.000,0.000,0.0
6/3/2008,18:08:00,1.246,0.000,238.830,5.200,0.000,0.000,0.0
6/3/2008,18:09:00,2.058,0.046,238.990,8.800,0.000,0.000,12.0
6/3/2008,18:10:00,2.332,0.048,238.420,9.600,0.000,0.000,18.0
6/3/2008,18:11:00,2.318,0.048,238.410,9.600,0.000,0.000,18.0
6/3/2008,18:12:00,2.288,0.050,237.360,9.600,0.000,0.000,17.0
6/3/2008,18:13:00,2.296,0.050,237.880,9.600,0.000,0.000,18.0
6/3/2008,18:14:00,2.276,0.050,236.810,9.600,0.000,0.000,17.0
6/3/2008,18:15:00,2.258,0.052,235.920,9.400,0.000,0.000,17.0
6/3/2008,18:16:00,2.246,0.052,235.280,9.400,0.000,0.000,17.0
6/3/2008,18:17:00,2.266,0.052,236.350,9.600,0.000,0.000,18.0
6/3/2008,18:18:00,2.260,0.052,236.040,9.400,0.000,0.000,17.0
6/3/2008,18:19:00,2.254,0.052,235.810,9.400,0.000,0.000,17.0
6/3/2008,18:20:00,2.264,0.052,236.410,9.400,0.000,0.000,17.0
6/3/2008,18:21:00,2.260,0.052,236.140,9.400,0.000,0.000,17.0
6/3/2008,18:22:00,2.272,0.052,236.850,9.600,0.000,0.000,17.0
6/3/2008,18:23:00,2.288,0.050,237.830,9.600,0.000,0.000,18.0
6/3/2008,18:24:00,2.286,0.050,237.680,9.600,0.000,0.000,17.0
6/3/2008,18:25:00,2.402,0.068,238.050,10.000,0.000,0.000,17.0
6/3/2008,18:26:00,2.396,0.078,237.940,10.000,0.000,0.000,18.0
6/3/2008,18:27:00,2.380,0.076,237.200,10.000,0.000,0.000,17.0
6/3/2008,18:28:00,2.386,0.082,236.360,10.000,0.000,0.000,17.0
6/3/2008,18:29:00,2.440,0.172,236.410,10.200,0.000,0.000,17.0
6/3/2008,18:30:00,2.426,0.170,235.840,10.200,0.000,0.000,17.0
6/3/2008,18:31:00,2.412,0.168,235.130,10.200,0.000,0.000,17.0
6/3/2008,18:32:00,2.408,0.168,234.970,10.200,0.000,0.000,17.0
6/3/2008,18:33:00,2.414,0.170,235.350,10.200,0.000,0.000,17.0
6/3/2008,18:34:00,2.390,0.164,234.170,10.200,0.000,0.000,17.0
6/3/2008,18:35:00,2.388,0.164,234.170,10.200,0.000,0.000,17.0
6/3/2008,18:36:00,2.382,0.164,233.940,10.200,0.000,0.000,17.0
6/3/2008,18:37:00,2.372,0.162,233.500,10.000,0.000,0.000,17.0
6/3/2008,18:38:00,2.410,0.170,235.620,10.200,0.000,0.000,17.0
6/3/2008,18:39:00,2.364,0.086,236.410,10.000,0.000,0.000,17.0
6/3/2008,18:40:00,2.354,0.074,236.710,9.800,0.000,0.000,17.0
6/3/2008,18:41:00,2.346,0.072,236.410,9.800,0.000,0.000,17.0
6/3/2008,18:42:00,2.362,0.076,237.300,9.800,0.000,0.000,17.0
6/3/2008,18:43:00,2.272,0.050,237.280,9.400,0.000,0.000,18.0
6/3/2008,18:44:00,2.262,0.052,236.830,9.400,0.000,0.000,17.0
6/3/2008,18:45:00,2.268,0.052,237.190,9.400,0.000,0.000,17.0
6/3/2008,18:46:00,2.258,0.052,236.260,9.400,0.000,0.000,17.0
6/3/2008,18:47:00,2.232,0.054,234.770,9.400,0.000,0.000,17.0
6/3/2008,18:48:00,2.220,0.056,234.010,9.400,0.000,0.000,17.0
6/3/2008,18:49:00,2.230,0.054,234.600,9.400,0.000,0.000,17.0
6/3/2008,18:50:00,1.500,0.048,234.960,6.600,0.000,0.000,6.0
6/3/2008,18:51:00,1.212,0.046,234.320,5.000,0.000,0.000,0.0
6/3/2008,18:52:00,1.212,0.048,234.470,5.000,0.000,0.000,0.0
6/3/2008,18:53:00,1.204,0.048,234.180,5.000,0.000,0.000,0.0
6/3/2008,18:54:00,1.208,0.048,234.550,5.000,0.000,0.000,0.0
6/3/2008,18:55:00,1.206,0.048,234.420,5.000,0.000,0.000,0.0
6/3/2008,18:56:00,1.212,0.046,235.110,5.000,0.000,0.000,0.0
6/3/2008,18:57:00,1.210,0.046,234.840,5.000,0.000,0.000,0.0
6/3/2008,18:58:00,1.208,0.046,234.640,5.000,0.000,0.000,0.0
6/3/2008,18:59:00,1.208,0.046,234.700,5.000,0.000,0.000,0.0
6/3/2008,19:00:00,1.206,0.046,234.360,5.000,0.000,0.000,0.0
6/3/2008,19:01:00,1.208,0.048,233.910,5.000,0.000,0.000,0.0
6/3/2008,19:02:00,1.212,0.048,234.260,5.000,0.000,0.000,0.0
6/3/2008,19:03:00,1.216,0.046,234.750,5.200,0.000,0.000,0.0
6/3/2008,19:04:00,1.216,0.046,234.810,5.200,0.000,0.000,0.0
6/3/2008,19:05:00,1.216,0.048,235.430,5.000,0.000,0.000,0.0
6/3/2008,19:06:00,1.210,0.048,234.920,5.000,0.000,0.000,0.0
6/3/2008,19:07:00,1.206,0.048,234.450,5.000,0.000,0.000,0.0
6/3/2008,19:08:00,1.204,0.048,234.340,5.000,0.000,0.000,0.0
6/3/2008,19:09:00,1.218,0.046,235.700,5.000,0.000,0.000,0.0
6/3/2008,19:10:00,1.214,0.046,235.340,5.000,0.000,0.000,0.0
6/3/2008,19:11:00,1.206,0.048,234.490,5.000,0.000,0.000,0.0
6/3/2008,19:12:00,1.288,0.000,234.840,5.400,0.000,0.000,0.0
6/3/2008,19:13:00,1.292,0.052,235.870,5.400,0.000,0.000,0.0
6/3/2008,19:14:00,1.290,0.050,235.540,5.400,0.000,0.000,0.0
6/3/2008,19:15:00,1.288,0.050,235.510,5.400,0.000,0.000,0.0
6/3/2008,19:16:00,1.298,0.052,235.770,5.400,0.000,0.000,0.0
6/3/2008,19:17:00,1.290,0.052,235.190,5.400,0.000,0.000,0.0
6/3/2008,19:18:00,1.406,0.178,235.220,6.000,0.000,0.000,0.0
6/3/2008,19:19:00,1.398,0.178,236.010,5.800,0.000,0.000,0.0
6/3/2008,19:20:00,1.398,0.180,236.480,5.800,0.000,0.000,0.0
6/3/2008,19:21:00,1.382,0.174,234.930,5.800,0.000,0.000,0.0
6/3/2008,19:22:00,1.330,0.102,234.750,5.600,0.000,0.000,0.0
6/3/2008,19:23:00,1.308,0.076,234.540,5.600,0.000,0.000,0.0
6/3/2008,19:24:00,1.320,0.078,235.830,5.600,0.000,0.000,0.0
6/3/2008,19:25:00,1.322,0.080,236.250,5.600,0.000,0.000,0.0
6/3/2008,19:26:00,1.318,0.078,235.900,5.600,0.000,0.000,0.0
6/3/2008,19:27:00,1.316,0.078,235.810,5.600,0.000,0.000,0.0
6/3/2008,19:28:00,1.334,0.096,234.820,5.600,0.000,0.000,0.0
6/3/2008,19:29:00,1.384,0.190,234.680,5.800,0.000,1.000,0.0
6/3/2008,19:30:00,1.386,0.192,234.820,5.800,0.000,1.000,0.0
6/3/2008,19:31:00,1.386,0.192,235.160,5.800,0.000,2.000,0.0
6/3/2008,19:32:00,1.390,0.194,235.450,5.800,0.000,1.000,0.0
6/3/2008,19:33:00,1.396,0.196,236.140,5.800,0.000,1.000,0.0
6/3/2008,19:34:00,1.398,0.198,236.490,5.800,0.000,2.000,0.0
6/3/2008,19:35:00,1.404,0.200,237.180,5.800,0.000,1.000,0.0
6/3/2008,19:36:00,1.332,0.090,237.960,5.600,0.000,2.000,0.0
6/3/2008,19:37:00,1.312,0.072,237.200,5.400,0.000,1.000,0.0
6/3/2008,19:38:00,1.318,0.074,237.910,5.400,0.000,1.000,0.0
6/3/2008,19:39:00,1.322,0.072,238.150,5.400,0.000,2.000,0.0
6/3/2008,19:40:00,1.324,0.074,238.450,5.400,0.000,1.000,0.0
6/3/2008,19:41:00,1.314,0.072,237.600,5.400,0.000,1.000,0.0
6/3/2008,19:42:00,1.316,0.072,237.660,5.400,0.000,2.000,0.0
6/3/2008,19:43:00,1.310,0.070,237.070,5.400,0.000,1.000,0.0
6/3/2008,19:44:00,1.302,0.070,236.380,5.400,0.000,2.000,0.0
6/3/2008,19:45:00,1.300,0.068,236.340,5.400,0.000,1.000,0.0
6/3/2008,19:46:00,1.296,0.068,235.980,5.400,0.000,1.000,0.0
6/3/2008,19:47:00,1.296,0.068,235.960,5.400,0.000,1.000,0.0
6/3/2008,19:48:00,1.300,0.070,236.420,5.400,0.000,2.000,0.0
6/3/2008,19:49:00,1.298,0.068,236.430,5.400,0.000,1.000,0.0
6/3/2008,19:50:00,1.298,0.068,236.360,5.400,0.000,1.000,0.0
6/3/2008,19:51:00,1.298,0.068,236.440,5.400,0.000,2.000,0.0
6/3/2008,19:52:00,1.302,0.070,236.880,5.400,0.000,1.000,0.0
6/3/2008,19:53:00,1.294,0.068,236.220,5.400,0.000,1.000,0.0
6/3/2008,19:54:00,1.296,0.068,236.480,5.400,0.000,1.000,0.0
6/3/2008,19:55:00,1.374,0.146,236.890,5.800,0.000,1.000,0.0
6/3/2008,19:56:00,1.386,0.176,238.330,5.800,0.000,2.000,0.0
6/3/2008,19:57:00,1.382,0.174,237.960,5.800,0.000,1.000,0.0
6/3/2008,19:58:00,1.384,0.174,238.190,5.800,0.000,1.000,0.0
6/3/2008,19:59:00,1.328,0.088,237.520,5.600,0.000,0.000,0.0
6/3/2008,20:00:00,1.302,0.054,236.990,5.400,0.000,0.000,0.0
6/3/2008,20:01:00,1.300,0.054,236.930,5.400,0.000,0.000,0.0
6/3/2008,20:02:00,1.296,0.052,236.470,5.400,0.000,0.000,0.0
6/3/2008,20:03:00,1.288,0.052,235.780,5.400,0.000,0.000,0.0
6/3/2008,20:04:00,1.294,0.052,236.310,5.400,0.000,0.000,0.0
6/3/2008,20:05:00,1.240,0.000,236.930,5.200,0.000,0.000,0.0
6/3/2008,20:06:00,1.236,0.000,237.570,5.200,0.000,0.000,0.0
6/3/2008,20:07:00,1.240,0.000,238.030,5.200,0.000,0.000,0.0
6/3/2008,20:08:00,1.226,0.046,236.640,5.200,0.000,0.000,0.0
6/3/2008,20:09:00,1.226,0.046,236.580,5.200,0.000,0.000,0.0
6/3/2008,20:10:00,1.230,0.046,236.840,5.200,0.000,0.000,0.0
6/3/2008,20:11:00,1.318,0.000,237.200,5.600,0.000,0.000,0.0
6/3/2008,20:12:00,1.340,0.082,237.120,5.600,0.000,0.000,0.0
6/3/2008,20:13:00,1.336,0.082,237.000,5.600,0.000,0.000,0.0
6/3/2008,20:14:00,1.380,0.082,237.520,5.800,0.000,0.000,0.0
6/3/2008,20:15:00,2.302,0.076,236.330,9.800,0.000,0.000,0.0
6/3/2008,20:16:00,2.274,0.072,237.230,9.600,0.000,0.000,0.0
6/3/2008,20:17:00,2.222,0.072,237.700,9.200,0.000,0.000,0.0
6/3/2008,20:18:00,2.204,0.070,237.030,9.200,0.000,0.000,0.0
6/3/2008,20:19:00,2.216,0.072,237.230,9.200,0.000,0.000,0.0
6/3/2008,20:20:00,2.338,0.128,237.540,10.000,0.000,0.000,0.0
6/3/2008,20:21:00,3.346,0.296,235.660,14.600,0.000,0.000,0.0
6/3/2008,20:22:00,2.160,0.072,237.660,9.000,0.000,0.000,0.0
6/3/2008,20:23:00,2.160,0.070,237.150,9.000,0.000,0.000,0.0
6/3/2008,20:24:00,2.152,0.072,237.320,9.000,0.000,0.000,0.0
6/3/2008,20:25:00,2.138,0.068,236.370,9.000,0.000,0.000,0.0
6/3/2008,20:26:00,2.216,0.066,235.970,9.400,0.000,0.000,0.0
6/3/2008,20:27:00,2.208,0.066,236.240,9.200,0.000,0.000,0.0
6/3/2008,20:28:00,2.196,0.066,236.230,9.200,0.000,0.000,0.0
6/3/2008,20:29:00,2.204,0.068,236.700,9.200,0.000,0.000,0.0
6/3/2008,20:30:00,2.200,0.068,236.430,9.200,0.000,0.000,0.0
6/3/2008,20:31:00,2.240,0.102,235.810,9.400,0.000,0.000,0.0
6/3/2008,20:32:00,2.278,0.166,236.460,9.600,0.000,0.000,0.0
6/3/2008,20:33:00,2.264,0.164,235.560,9.600,0.000,0.000,0.0
6/3/2008,20:34:00,2.252,0.160,234.780,9.600,0.000,0.000,0.0
6/3/2008,20:35:00,2.246,0.160,234.530,9.600,0.000,0.000,0.0
6/3/2008,20:36:00,2.246,0.160,234.620,9.600,0.000,0.000,0.0
6/3/2008,20:37:00,2.240,0.158,234.050,9.600,0.000,0.000,0.0
6/3/2008,20:38:00,2.232,0.158,233.980,9.400,0.000,0.000,0.0
6/3/2008,20:39:00,2.230,0.158,234.220,9.400,0.000,0.000,0.0
6/3/2008,20:40:00,2.214,0.156,233.570,9.400,0.000,0.000,0.0
6/3/2008,20:41:00,2.192,0.152,232.070,9.400,0.000,0.000,0.0
6/3/2008,20:42:00,2.204,0.150,232.220,9.400,0.000,0.000,0.0
6/3/2008,20:43:00,3.734,0.212,231.030,16.800,23.000,0.000,0.0
6/3/2008,20:44:00,4.378,0.140,233.090,18.800,37.000,0.000,0.0
6/3/2008,20:45:00,4.294,0.000,233.730,18.200,37.000,0.000,0.0
6/3/2008,20:46:00,4.324,0.000,234.440,18.400,37.000,0.000,0.0
6/3/2008,20:47:00,4.290,0.000,233.280,18.400,37.000,0.000,0.0
6/3/2008,20:48:00,4.134,0.000,232.870,17.600,37.000,0.000,0.0
6/3/2008,20:49:00,4.078,0.000,231.920,17.600,37.000,0.000,0.0
6/3/2008,20:50:00,4.320,0.000,230.940,18.600,36.000,0.000,0.0
6/3/2008,20:51:00,4.752,0.000,231.080,20.600,36.000,0.000,0.0
6/3/2008,20:52:00,4.816,0.000,232.670,20.600,37.000,0.000,0.0
6/3/2008,20:53:00,4.854,0.000,233.380,20.800,37.000,0.000,0.0
6/3/2008,20:54:00,4.874,0.000,234.150,20.800,37.000,0.000,0.0
6/3/2008,20:55:00,4.828,0.000,232.570,20.800,37.000,0.000,0.0
6/3/2008,20:56:00,4.830,0.000,232.290,20.800,37.000,0.000,0.0
6/3/2008,20:57:00,4.498,0.000,232.600,19.400,36.000,0.000,0.0
6/3/2008,20:58:00,4.304,0.000,232.880,18.400,37.000,0.000,0.0
6/3/2008,20:59:00,4.298,0.000,233.140,18.400,37.000,0.000,0.0
6/3/2008,21:00:00,4.544,0.000,232.420,19.600,37.000,0.000,2.0
6/3/2008,21:01:00,5.280,0.000,231.160,22.800,36.000,0.000,17.0
6/3/2008,21:02:00,5.264,0.000,231.000,22.800,37.000,0.000,17.0
6/3/2008,21:03:00,5.268,0.000,231.660,22.600,36.000,0.000,17.0
6/3/2008,21:04:00,5.332,0.000,231.580,23.000,37.000,0.000,17.0
6/3/2008,21:05:00,5.536,0.000,231.090,24.000,36.000,0.000,16.0
6/3/2008,21:06:00,5.516,0.000,230.200,24.000,36.000,0.000,17.0
6/3/2008,21:07:00,5.702,0.000,229.890,24.800,36.000,0.000,16.0
6/3/2008,21:08:00,5.772,0.000,230.380,25.000,36.000,0.000,16.0
6/3/2008,21:09:00,5.800,0.086,230.550,25.200,36.000,0.000,17.0
6/3/2008,21:10:00,5.490,0.086,230.960,23.800,36.000,0.000,16.0
6/3/2008,21:11:00,4.712,0.092,231.440,20.400,37.000,0.000,17.0
6/3/2008,21:12:00,3.580,0.076,232.650,16.000,25.000,0.000,16.0
6/3/2008,21:13:00,2.170,0.000,234.090,9.200,0.000,0.000,17.0
6/3/2008,21:14:00,2.236,0.078,236.130,9.400,0.000,0.000,17.0
6/3/2008,21:15:00,2.322,0.194,237.160,9.800,1.000,0.000,18.0
6/3/2008,21:16:00,2.668,0.298,237.720,11.400,0.000,0.000,17.0
6/3/2008,21:17:00,2.024,0.208,238.180,8.600,1.000,0.000,17.0
6/3/2008,21:18:00,2.176,0.200,237.310,9.200,0.000,0.000,18.0
6/3/2008,21:19:00,2.180,0.204,237.820,9.200,1.000,0.000,17.0
6/3/2008,21:20:00,2.186,0.206,238.320,9.200,0.000,0.000,17.0
6/3/2008,21:21:00,2.192,0.208,238.790,9.200,1.000,0.000,18.0
6/3/2008,21:22:00,2.192,0.208,238.930,9.200,0.000,0.000,17.0
6/3/2008,21:23:00,2.194,0.208,239.220,9.200,0.000,0.000,18.0
6/3/2008,21:24:00,2.196,0.210,239.500,9.200,1.000,0.000,18.0
6/3/2008,21:25:00,2.636,0.204,238.700,11.600,0.000,0.000,17.0
6/3/2008,21:26:00,3.774,0.192,237.700,15.800,1.000,0.000,17.0
6/3/2008,21:27:00,3.676,0.192,237.540,15.400,0.000,0.000,18.0
6/3/2008,21:28:00,3.654,0.192,237.180,15.400,1.000,0.000,17.0
6/3/2008,21:29:00,3.512,0.116,236.870,14.800,0.000,0.000,17.0
6/3/2008,21:30:00,3.074,0.092,236.080,13.000,1.000,0.000,17.0
6/3/2008,21:31:00,3.070,0.090,235.290,13.000,0.000,0.000,17.0
6/3/2008,21:32:00,3.098,0.094,236.430,13.000,1.000,0.000,17.0
6/3/2008,21:33:00,3.122,0.094,237.610,13.000,0.000,0.000,18.0
6/3/2008,21:34:00,3.052,0.000,237.730,12.800,0.000,0.000,17.0
6/3/2008,21:35:00,3.010,0.072,237.710,12.600,0.000,0.000,17.0
6/3/2008,21:36:00,3.004,0.074,237.420,12.600,0.000,0.000,18.0
6/3/2008,21:37:00,2.124,0.066,238.060,9.000,0.000,0.000,17.0
6/3/2008,21:38:00,1.996,0.064,238.660,8.400,0.000,0.000,18.0
6/3/2008,21:39:00,2.006,0.062,239.400,8.400,0.000,0.000,17.0
6/3/2008,21:40:00,2.000,0.064,238.920,8.400,0.000,0.000,18.0
6/3/2008,21:41:00,1.998,0.066,238.840,8.400,0.000,0.000,17.0
6/3/2008,21:42:00,2.026,0.062,240.770,8.400,0.000,0.000,18.0
6/3/2008,21:43:00,2.030,0.062,241.110,8.400,0.000,0.000,18.0
6/3/2008,21:44:00,2.004,0.064,239.180,8.400,0.000,0.000,17.0
6/3/2008,21:45:00,1.980,0.066,237.430,8.400,0.000,0.000,18.0
6/3/2008,21:46:00,1.984,0.066,237.770,8.400,0.000,0.000,17.0
6/3/2008,21:47:00,1.986,0.066,237.820,8.400,0.000,0.000,17.0
6/3/2008,21:48:00,2.218,0.064,238.100,9.400,0.000,0.000,18.0
6/3/2008,21:49:00,3.724,0.072,236.130,16.200,0.000,0.000,17.0
6/3/2008,21:50:00,3.716,0.076,236.630,15.800,0.000,0.000,17.0
6/3/2008,21:51:00,3.400,0.076,236.560,14.400,0.000,0.000,17.0
6/3/2008,21:52:00,3.402,0.074,237.090,14.200,0.000,0.000,17.0
6/3/2008,21:53:00,3.270,0.072,238.500,13.600,0.000,0.000,18.0
6/3/2008,21:54:00,2.952,0.068,238.810,12.400,0.000,0.000,17.0
6/3/2008,21:55:00,2.944,0.070,237.940,12.400,0.000,0.000,18.0
6/3/2008,21:56:00,2.906,0.072,235.990,12.200,0.000,0.000,17.0
6/3/2008,21:57:00,2.888,0.072,235.090,12.200,0.000,0.000,17.0
6/3/2008,21:58:00,2.910,0.072,236.040,12.200,0.000,0.000,17.0
6/3/2008,21:59:00,2.518,0.000,236.710,10.800,0.000,0.000,17.0
6/3/2008,22:00:00,1.994,0.000,237.970,8.400,0.000,0.000,17.0
6/3/2008,22:01:00,2.006,0.000,238.850,8.400,0.000,0.000,18.0
6/3/2008,22:02:00,2.008,0.000,238.920,8.400,0.000,0.000,17.0
6/3/2008,22:03:00,2.084,0.108,239.470,8.800,0.000,0.000,18.0
6/3/2008,22:04:00,2.120,0.172,239.180,8.800,0.000,0.000,18.0
6/3/2008,22:05:00,2.272,0.166,238.550,9.600,0.000,0.000,17.0
6/3/2008,22:06:00,2.096,0.166,237.960,8.800,0.000,0.000,17.0
6/3/2008,22:07:00,2.086,0.162,237.320,8.800,0.000,0.000,18.0
6/3/2008,22:08:00,2.094,0.166,238.050,8.800,0.000,0.000,17.0
6/3/2008,22:09:00,2.090,0.166,237.810,8.800,0.000,0.000,17.0
6/3/2008,22:10:00,2.096,0.168,238.350,8.800,0.000,0.000,18.0
6/3/2008,22:11:00,2.950,0.066,237.230,13.000,0.000,0.000,17.0
6/3/2008,22:12:00,3.532,0.050,236.070,15.000,0.000,0.000,17.0
6/3/2008,22:13:00,3.488,0.050,236.170,14.800,0.000,0.000,17.0
6/3/2008,22:14:00,3.480,0.050,236.290,14.600,0.000,0.000,17.0
6/3/2008,22:15:00,3.284,0.052,236.270,13.800,0.000,0.000,18.0
6/3/2008,22:16:00,3.012,0.054,236.810,12.600,0.000,0.000,17.0
6/3/2008,22:17:00,3.006,0.052,236.160,12.600,0.000,0.000,17.0
6/3/2008,22:18:00,3.018,0.054,236.700,12.800,0.000,0.000,17.0
6/3/2008,22:19:00,3.050,0.058,237.870,12.800,0.000,0.000,17.0
6/3/2008,22:20:00,3.080,0.060,239.280,12.800,0.000,0.000,18.0
6/3/2008,22:21:00,2.554,0.064,239.180,10.800,0.000,0.000,18.0
6/3/2008,22:22:00,2.050,0.070,240.020,8.600,0.000,0.000,17.0
6/3/2008,22:23:00,1.992,0.000,240.600,8.200,0.000,0.000,18.0
6/3/2008,22:24:00,1.886,0.052,241.520,7.800,0.000,0.000,18.0
6/3/2008,22:25:00,1.878,0.000,241.190,7.800,0.000,1.000,18.0
6/3/2008,22:26:00,0.730,0.082,240.760,3.000,0.000,1.000,1.0
6/3/2008,22:27:00,0.366,0.086,240.460,1.600,0.000,1.000,0.0
6/3/2008,22:28:00,0.368,0.088,241.050,1.600,0.000,2.000,0.0
6/3/2008,22:29:00,0.368,0.088,241.480,1.600,0.000,1.000,0.0
6/3/2008,22:30:00,0.370,0.088,241.480,1.600,0.000,2.000,0.0
6/3/2008,22:31:00,0.370,0.088,241.760,1.600,0.000,1.000,0.0
6/3/2008,22:32:00,0.372,0.090,242.320,1.600,0.000,1.000,0.0
6/3/2008,22:33:00,0.438,0.088,242.200,1.800,0.000,2.000,0.0
6/3/2008,22:34:00,0.478,0.084,241.510,2.000,0.000,1.000,0.0
6/3/2008,22:35:00,0.370,0.088,241.810,1.600,0.000,2.000,0.0
6/3/2008,22:36:00,0.370,0.088,241.740,1.600,0.000,1.000,0.0
6/3/2008,22:37:00,0.370,0.088,241.700,1.600,0.000,2.000,0.0
6/3/2008,22:38:00,0.368,0.090,242.330,1.600,0.000,1.000,0.0
6/3/2008,22:39:00,0.370,0.092,243.370,1.600,0.000,1.000,0.0
6/3/2008,22:40:00,0.368,0.090,242.920,1.600,0.000,2.000,0.0
6/3/2008,22:41:00,0.420,0.142,242.250,1.800,0.000,1.000,0.0
6/3/2008,22:42:00,0.442,0.196,242.870,2.000,0.000,1.000,0.0
6/3/2008,22:43:00,0.440,0.196,242.630,2.000,0.000,2.000,0.0
6/3/2008,22:44:00,0.404,0.196,242.450,1.800,0.000,1.000,0.0
6/3/2008,22:45:00,0.376,0.194,242.090,1.600,0.000,1.000,0.0
6/3/2008,22:46:00,0.376,0.200,243.290,1.600,0.000,2.000,0.0
6/3/2008,22:47:00,0.376,0.200,243.680,1.600,0.000,1.000,0.0
6/3/2008,22:48:00,0.372,0.202,243.730,1.600,0.000,1.000,0.0
6/3/2008,22:49:00,0.370,0.200,243.460,1.600,0.000,1.000,0.0
6/3/2008,22:50:00,0.370,0.200,243.810,1.600,0.000,2.000,0.0
6/3/2008,22:51:00,0.370,0.202,244.050,1.600,0.000,1.000,0.0
6/3/2008,22:52:00,0.336,0.150,244.700,1.400,0.000,1.000,0.0
6/3/2008,22:53:00,0.298,0.098,245.060,1.200,0.000,1.000,0.0
6/3/2008,22:54:00,0.294,0.096,244.590,1.200,0.000,2.000,0.0
6/3/2008,22:55:00,0.410,0.226,243.760,2.000,0.000,1.000,0.0
6/3/2008,22:56:00,0.364,0.168,243.660,1.600,0.000,0.000,0.0
6/3/2008,22:57:00,0.326,0.108,243.730,1.400,0.000,0.000,0.0
6/3/2008,22:58:00,0.326,0.108,243.970,1.400,0.000,0.000,0.0
6/3/2008,22:59:00,0.324,0.108,243.790,1.400,0.000,0.000,0.0
6/3/2008,23:00:00,0.322,0.106,243.370,1.400,0.000,0.000,0.0
6/3/2008,23:01:00,0.322,0.108,243.810,1.400,0.000,0.000,0.0
6/3/2008,23:02:00,0.320,0.106,243.370,1.400,0.000,0.000,0.0
6/3/2008,23:03:00,0.320,0.108,244.050,1.400,0.000,0.000,0.0
6/3/2008,23:04:00,0.320,0.110,244.450,1.400,0.000,0.000,0.0
6/3/2008,23:05:00,0.320,0.110,244.240,1.400,0.000,0.000,0.0
6/3/2008,23:06:00,0.320,0.112,244.770,1.400,0.000,0.000,0.0
6/3/2008,23:07:00,0.318,0.110,244.630,1.400,0.000,0.000,0.0
6/3/2008,23:08:00,0.318,0.112,245.100,1.400,0.000,0.000,0.0
6/3/2008,23:09:00,0.316,0.110,244.550,1.400,0.000,0.000,0.0
6/3/2008,23:10:00,0.316,0.110,244.580,1.400,0.000,0.000,0.0
6/3/2008,23:11:00,0.314,0.108,244.020,1.400,0.000,0.000,0.0
6/3/2008,23:12:00,0.312,0.106,243.520,1.400,0.000,0.000,0.0
6/3/2008,23:13:00,0.284,0.066,243.900,1.200,0.000,0.000,0.0
6/3/2008,23:14:00,0.220,0.000,244.430,0.800,0.000,0.000,0.0
6/3/2008,23:15:00,0.220,0.000,244.760,0.800,0.000,0.000,0.0
6/3/2008,23:16:00,0.220,0.000,245.130,0.800,0.000,0.000,0.0
6/3/2008,23:17:00,0.220,0.000,244.990,0.800,0.000,0.000,0.0
6/3/2008,23:18:00,0.222,0.000,245.970,0.800,0.000,0.000,0.0
6/3/2008,23:19:00,0.222,0.000,246.130,0.800,0.000,0.000,0.0
6/3/2008,23:20:00,0.222,0.000,246.250,0.800,0.000,0.000,0.0
6/3/2008,23:21:00,0.220,0.000,245.120,0.800,0.000,0.000,0.0
6/3/2008,23:22:00,0.220,0.000,244.700,0.800,0.000,0.000,0.0
6/3/2008,23:23:00,0.330,0.168,244.530,1.800,0.000,0.000,0.0
6/3/2008,23:24:00,0.396,0.290,244.230,2.000,0.000,0.000,0.0
6/3/2008,23:25:00,0.400,0.244,243.940,1.800,0.000,0.000,0.0
6/3/2008,23:26:00,1.014,0.074,243.400,4.200,0.000,0.000,0.0
6/3/2008,23:27:00,1.042,0.074,243.240,4.200,0.000,0.000,0.0
6/3/2008,23:28:00,1.494,0.068,242.940,6.200,0.000,0.000,0.0
6/3/2008,23:29:00,1.776,0.062,242.960,7.200,0.000,0.000,0.0
6/3/2008,23:30:00,1.444,0.068,243.150,5.800,0.000,0.000,0.0
6/3/2008,23:31:00,1.104,0.074,243.500,4.400,0.000,0.000,0.0
6/3/2008,23:32:00,1.102,0.074,243.880,4.400,0.000,0.000,0.0
6/3/2008,23:33:00,1.704,0.082,242.890,7.000,0.000,0.000,0.0
6/3/2008,23:34:00,1.780,0.084,243.770,7.200,0.000,0.000,0.0
6/3/2008,23:35:00,1.578,0.080,244.040,6.400,0.000,0.000,0.0
6/3/2008,23:36:00,1.348,0.052,244.480,5.400,0.000,0.000,0.0
6/3/2008,23:37:00,0.808,0.000,243.950,3.400,0.000,0.000,0.0
6/3/2008,23:38:00,0.676,0.100,243.940,2.800,0.000,0.000,0.0
6/3/2008,23:39:00,0.658,0.102,243.900,2.600,0.000,0.000,0.0
6/3/2008,23:40:00,0.532,0.104,243.750,2.200,0.000,0.000,0.0
6/3/2008,23:41:00,0.434,0.108,244.330,1.800,0.000,0.000,0.0
6/3/2008,23:42:00,0.436,0.110,245.220,1.800,0.000,0.000,0.0
6/3/2008,23:43:00,0.436,0.112,245.740,1.800,0.000,0.000,0.0
6/3/2008,23:44:00,0.436,0.114,246.340,1.800,0.000,0.000,0.0
6/3/2008,23:45:00,0.436,0.116,246.660,1.800,0.000,0.000,0.0
6/3/2008,23:46:00,0.434,0.112,246.000,1.800,0.000,0.000,0.0
6/3/2008,23:47:00,0.432,0.110,245.500,1.800,0.000,0.000,0.0
6/3/2008,23:48:00,0.430,0.112,245.620,1.800,0.000,0.000,0.0
6/3/2008,23:49:00,0.374,0.112,245.470,1.600,0.000,0.000,0.0
6/3/2008,23:50:00,0.320,0.114,245.800,1.400,0.000,0.000,0.0
6/3/2008,23:51:00,0.320,0.114,245.750,1.400,0.000,0.000,0.0
6/3/2008,23:52:00,0.316,0.112,244.940,1.400,0.000,0.000,0.0
6/3/2008,23:53:00,0.318,0.112,245.310,1.400,0.000,0.000,0.0
6/3/2008,23:54:00,0.318,0.114,245.570,1.400,0.000,0.000,0.0
6/3/2008,23:55:00,0.316,0.114,245.180,1.400,0.000,0.000,0.0
6/3/2008,23:56:00,0.312,0.106,243.080,1.400,0.000,0.000,0.0
6/3/2008,23:57:00,0.312,0.108,243.290,1.400,0.000,0.000,0.0
6/3/2008,23:58:00,0.254,0.000,244.820,1.000,0.000,0.000,0.0
6/3/2008,23:59:00,0.220,0.000,244.980,0.800,0.000,0.000,0.0
7/3/2008,00:00:00,0.220,0.000,245.110,0.800,0.000,0.000,0.0
7/3/2008,00:01:00,0.220,0.000,244.490,0.800,0.000,0.000,0.0
7/3/2008,00:02:00,0.220,0.000,244.450,0.800,0.000,0.000,0.0
7/3/2008,00:03:00,0.218,0.000,244.390,0.800,0.000,0.000,0.0
7/3/2008,00:04:00,0.220,0.000,244.550,0.800,0.000,0.000,0.0
7/3/2008,00:05:00,0.218,0.000,244.160,0.800,0.000,0.000,0.0
7/3/2008,00:06:00,0.218,0.000,244.020,0.800,0.000,0.000,0.0
7/3/2008,00:07:00,0.218,0.000,243.460,0.800,0.000,0.000,0.0
7/3/2008,00:08:00,0.218,0.000,243.460,0.800,0.000,0.000,0.0
7/3/2008,00:09:00,0.218,0.000,244.130,0.800,0.000,0.000,0.0
7/3/2008,00:10:00,0.220,0.000,245.290,0.800,0.000,0.000,0.0
7/3/2008,00:11:00,0.220,0.000,245.660,0.800,0.000,0.000,0.0
7/3/2008,00:12:00,0.220,0.000,245.590,0.800,0.000,0.000,0.0
7/3/2008,00:13:00,0.292,0.052,246.190,1.400,0.000,0.000,0.0
7/3/2008,00:14:00,0.298,0.084,246.070,1.200,0.000,0.000,0.0
7/3/2008,00:15:00,0.298,0.084,245.920,1.200,0.000,0.000,0.0
7/3/2008,00:16:00,0.298,0.084,245.920,1.200,0.000,0.000,0.0
7/3/2008,00:17:00,0.296,0.082,245.570,1.200,0.000,0.000,0.0
7/3/2008,00:18:00,0.296,0.084,246.100,1.200,0.000,0.000,0.0
7/3/2008,00:19:00,0.294,0.084,245.630,1.200,0.000,0.000,0.0
7/3/2008,00:20:00,0.292,0.082,245.360,1.200,0.000,0.000,0.0
7/3/2008,00:21:00,0.292,0.082,245.240,1.200,0.000,0.000,0.0
7/3/2008,00:22:00,0.262,0.000,245.610,1.000,0.000,0.000,0.0
7/3/2008,00:23:00,0.220,0.000,245.330,0.800,0.000,0.000,0.0
7/3/2008,00:24:00,0.220,0.000,244.860,0.800,0.000,0.000,0.0
7/3/2008,00:25:00,0.218,0.000,243.600,0.800,0.000,0.000,0.0
7/3/2008,00:26:00,0.216,0.000,242.980,0.800,0.000,0.000,0.0
7/3/2008,00:27:00,0.216,0.000,241.980,0.800,0.000,0.000,0.0
7/3/2008,00:28:00,0.216,0.000,241.900,0.800,0.000,0.000,0.0
7/3/2008,00:29:00,0.266,0.000,241.180,1.200,0.000,0.000,0.0
7/3/2008,00:30:00,0.324,0.098,240.720,1.400,0.000,0.000,0.0
7/3/2008,00:31:00,0.322,0.098,240.890,1.400,0.000,0.000,0.0
7/3/2008,00:32:00,0.322,0.102,241.750,1.400,0.000,0.000,0.0
7/3/2008,00:33:00,0.322,0.102,241.840,1.400,0.000,0.000,0.0
7/3/2008,00:34:00,0.320,0.102,241.840,1.400,0.000,0.000,0.0
7/3/2008,00:35:00,0.320,0.102,242.140,1.400,0.000,0.000,0.0
7/3/2008,00:36:00,0.320,0.104,242.590,1.400,0.000,0.000,0.0
7/3/2008,00:37:00,0.318,0.104,242.540,1.400,0.000,0.000,0.0
7/3/2008,00:38:00,0.318,0.108,243.470,1.400,0.000,0.000,0.0
7/3/2008,00:39:00,0.320,0.110,244.160,1.400,0.000,0.000,0.0
7/3/2008,00:40:00,0.318,0.110,244.300,1.400,0.000,0.000,0.0
7/3/2008,00:41:00,0.318,0.112,244.670,1.400,0.000,0.000,0.0
7/3/2008,00:42:00,0.318,0.112,244.780,1.400,0.000,0.000,0.0
7/3/2008,00:43:00,0.316,0.110,244.470,1.400,0.000,0.000,0.0
7/3/2008,00:44:00,0.316,0.110,244.620,1.400,0.000,0.000,0.0
7/3/2008,00:45:00,0.314,0.110,243.990,1.400,0.000,0.000,0.0
7/3/2008,00:46:00,0.310,0.102,241.550,1.200,0.000,0.000,0.0
7/3/2008,00:47:00,0.254,0.000,241.180,1.000,0.000,0.000,0.0
7/3/2008,00:48:00,0.214,0.000,240.570,0.800,0.000,0.000,0.0
7/3/2008,00:49:00,0.214,0.000,241.450,0.800,0.000,0.000,0.0
7/3/2008,00:50:00,0.216,0.000,241.820,0.800,0.000,0.000,0.0
7/3/2008,00:51:00,0.214,0.000,241.500,0.800,0.000,0.000,0.0
7/3/2008,00:52:00,0.216,0.000,241.740,0.800,0.000,0.000,0.0
7/3/2008,00:53:00,0.218,0.000,241.350,0.800,0.000,0.000,0.0
7/3/2008,00:54:00,0.216,0.000,240.660,0.800,0.000,0.000,0.0
7/3/2008,00:55:00,0.216,0.000,240.970,0.800,0.000,0.000,0.0
7/3/2008,00:56:00,0.216,0.000,240.780,0.800,0.000,0.000,0.0
7/3/2008,00:57:00,0.216,0.000,240.470,0.800,0.000,0.000,0.0
7/3/2008,00:58:00,0.214,0.000,240.430,0.800,0.000,0.000,0.0
7/3/2008,00:59:00,0.214,0.000,240.300,0.800,0.000,0.000,0.0
7/3/2008,01:00:00,0.284,0.000,240.560,1.400,0.000,0.000,0.0
7/3/2008,01:01:00,0.292,0.072,241.310,1.200,0.000,0.000,0.0
7/3/2008,01:02:00,0.292,0.072,241.330,1.200,0.000,0.000,0.0
7/3/2008,01:03:00,0.292,0.072,241.150,1.200,0.000,0.000,0.0
7/3/2008,01:04:00,0.288,0.066,239.630,1.200,0.000,0.000,0.0
7/3/2008,01:05:00,0.286,0.066,239.270,1.200,0.000,0.000,0.0
7/3/2008,01:06:00,0.284,0.066,238.750,1.200,0.000,0.000,0.0
7/3/2008,01:07:00,0.282,0.064,238.610,1.200,0.000,0.000,0.0
7/3/2008,01:08:00,0.282,0.064,238.280,1.200,0.000,0.000,0.0
7/3/2008,01:09:00,0.222,0.000,238.380,1.000,0.000,0.000,0.0
7/3/2008,01:10:00,0.212,0.000,239.280,0.800,0.000,0.000,0.0
7/3/2008,01:11:00,0.214,0.000,239.940,0.800,0.000,0.000,0.0
7/3/2008,01:12:00,0.214,0.000,240.300,0.800,0.000,0.000,0.0
7/3/2008,01:13:00,0.214,0.000,240.630,0.800,0.000,0.000,0.0
7/3/2008,01:14:00,0.214,0.000,240.980,0.800,0.000,0.000,0.0
7/3/2008,01:15:00,0.214,0.000,240.870,0.800,0.000,0.000,0.0
7/3/2008,01:16:00,0.214,0.000,240.870,0.800,0.000,0.000,0.0
7/3/2008,01:17:00,0.214,0.000,240.570,0.800,0.000,0.000,0.0
7/3/2008,01:18:00,0.212,0.000,239.970,0.800,0.000,0.000,0.0
7/3/2008,01:19:00,0.212,0.000,239.940,0.800,0.000,0.000,0.0
7/3/2008,01:20:00,0.288,0.000,240.300,1.400,0.000,0.000,0.0
7/3/2008,01:21:00,0.324,0.098,240.760,1.400,0.000,0.000,0.0
7/3/2008,01:22:00,0.394,0.182,240.760,1.800,0.000,1.000,0.0
7/3/2008,01:23:00,0.404,0.220,240.350,1.800,0.000,1.000,0.0
7/3/2008,01:24:00,0.400,0.220,240.280,1.800,0.000,1.000,0.0
7/3/2008,01:25:00,0.398,0.216,239.750,1.800,0.000,2.000,0.0
7/3/2008,01:26:00,0.398,0.218,240.190,1.800,0.000,1.000,0.0
7/3/2008,01:27:00,0.398,0.218,240.090,1.800,0.000,2.000,0.0
7/3/2008,01:28:00,0.396,0.218,239.930,1.800,0.000,1.000,0.0
7/3/2008,01:29:00,0.396,0.220,240.530,1.800,0.000,1.000,0.0
7/3/2008,01:30:00,0.398,0.224,241.060,1.800,0.000,2.000,0.0
7/3/2008,01:31:00,0.396,0.222,240.920,1.800,0.000,1.000,0.0
7/3/2008,01:32:00,0.396,0.224,241.380,1.800,0.000,2.000,0.0
7/3/2008,01:33:00,0.392,0.220,240.250,1.800,0.000,1.000,0.0
7/3/2008,01:34:00,0.392,0.218,240.080,1.800,0.000,1.000,0.0
7/3/2008,01:35:00,0.390,0.218,240.010,1.800,0.000,2.000,0.0
7/3/2008,01:36:00,0.388,0.218,240.050,1.800,0.000,1.000,0.0
7/3/2008,01:37:00,0.354,0.170,240.390,1.600,0.000,1.000,0.0
7/3/2008,01:38:00,0.294,0.088,240.960,1.200,0.000,2.000,0.0
7/3/2008,01:39:00,0.292,0.088,240.880,1.200,0.000,1.000,0.0
7/3/2008,01:40:00,0.292,0.090,241.330,1.200,0.000,1.000,0.0
7/3/2008,01:41:00,0.292,0.088,241.000,1.200,0.000,2.000,0.0
7/3/2008,01:42:00,0.292,0.088,241.160,1.200,0.000,1.000,0.0
7/3/2008,01:43:00,0.292,0.088,241.360,1.200,0.000,1.000,0.0
7/3/2008,01:44:00,0.290,0.088,241.290,1.200,0.000,2.000,0.0
7/3/2008,01:45:00,0.290,0.088,241.570,1.200,0.000,1.000,0.0
7/3/2008,01:46:00,0.290,0.090,241.970,1.200,0.000,1.000,0.0
7/3/2008,01:47:00,0.318,0.106,241.450,1.400,0.000,1.000,0.0
7/3/2008,01:48:00,0.364,0.190,241.180,1.600,0.000,2.000,0.0
7/3/2008,01:49:00,0.362,0.188,240.280,1.600,0.000,1.000,0.0
7/3/2008,01:50:00,0.362,0.190,240.760,1.600,0.000,1.000,0.0
7/3/2008,01:51:00,0.360,0.190,240.660,1.600,0.000,1.000,0.0
7/3/2008,01:52:00,0.358,0.188,240.390,1.600,0.000,1.000,0.0
7/3/2008,01:53:00,0.304,0.098,240.560,1.200,0.000,1.000,0.0
7/3/2008,01:54:00,0.288,0.070,241.360,1.200,0.000,0.000,0.0
7/3/2008,01:55:00,0.286,0.072,241.410,1.200,0.000,0.000,0.0
7/3/2008,01:56:00,0.252,0.000,241.500,1.000,0.000,0.000,0.0
7/3/2008,01:57:00,0.216,0.000,241.370,0.800,0.000,0.000,0.0
7/3/2008,01:58:00,0.218,0.000,243.010,0.800,0.000,0.000,0.0
7/3/2008,01:59:00,0.220,0.000,243.860,0.800,0.000,0.000,0.0
7/3/2008,02:00:00,0.218,0.000,243.660,0.800,0.000,0.000,0.0
7/3/2008,02:01:00,0.218,0.000,243.120,0.800,0.000,0.000,0.0
7/3/2008,02:02:00,0.218,0.000,242.680,0.800,0.000,0.000,0.0
7/3/2008,02:03:00,0.218,0.000,242.710,0.800,0.000,0.000,0.0
7/3/2008,02:04:00,0.218,0.000,242.700,0.800,0.000,0.000,0.0
7/3/2008,02:05:00,0.218,0.000,242.790,0.800,0.000,0.000,0.0
7/3/2008,02:06:00,0.218,0.000,243.150,0.800,0.000,0.000,0.0
7/3/2008,02:07:00,0.218,0.000,242.820,0.800,0.000,0.000,0.0
7/3/2008,02:08:00,0.218,0.000,242.900,0.800,0.000,0.000,0.0
7/3/2008,02:09:00,0.218,0.000,242.840,0.800,0.000,0.000,0.0
7/3/2008,02:10:00,0.216,0.000,242.310,0.800,0.000,0.000,0.0
7/3/2008,02:11:00,0.328,0.088,241.880,1.400,0.000,0.000,0.0
7/3/2008,02:12:00,0.328,0.106,242.640,1.400,0.000,0.000,0.0
7/3/2008,02:13:00,0.326,0.106,242.860,1.400,0.000,0.000,0.0
7/3/2008,02:14:00,0.326,0.108,243.420,1.400,0.000,0.000,0.0
7/3/2008,02:15:00,0.324,0.106,242.670,1.400,0.000,0.000,0.0
7/3/2008,02:16:00,0.322,0.104,242.450,1.400,0.000,0.000,0.0
7/3/2008,02:17:00,0.320,0.106,242.690,1.400,0.000,0.000,0.0
7/3/2008,02:18:00,0.320,0.106,242.550,1.400,0.000,0.000,0.0
7/3/2008,02:19:00,0.320,0.106,243.150,1.400,0.000,0.000,0.0
7/3/2008,02:20:00,0.320,0.108,243.730,1.400,0.000,0.000,0.0
7/3/2008,02:21:00,0.318,0.108,243.650,1.400,0.000,0.000,0.0
7/3/2008,02:22:00,0.318,0.108,243.800,1.400,0.000,0.000,0.0
7/3/2008,02:23:00,0.318,0.110,244.090,1.400,0.000,0.000,0.0
7/3/2008,02:24:00,0.318,0.112,244.560,1.400,0.000,0.000,0.0
7/3/2008,02:25:00,0.316,0.110,244.360,1.400,0.000,0.000,0.0
7/3/2008,02:26:00,0.316,0.110,244.180,1.400,0.000,0.000,0.0
7/3/2008,02:27:00,0.298,0.084,244.870,1.200,0.000,0.000,0.0
7/3/2008,02:28:00,0.222,0.000,245.150,0.800,0.000,0.000,0.0
7/3/2008,02:29:00,0.222,0.000,244.960,0.800,0.000,0.000,0.0
7/3/2008,02:30:00,0.220,0.000,244.330,0.800,0.000,0.000,0.0
7/3/2008,02:31:00,0.220,0.000,244.680,0.800,0.000,0.000,0.0
7/3/2008,02:32:00,0.220,0.000,244.320,0.800,0.000,0.000,0.0
7/3/2008,02:33:00,0.220,0.000,243.680,0.800,0.000,0.000,0.0
7/3/2008,02:34:00,0.218,0.000,243.380,0.800,0.000,0.000,0.0
7/3/2008,02:35:00,0.218,0.000,243.170,0.800,0.000,0.000,0.0
7/3/2008,02:36:00,0.256,0.000,244.320,1.200,0.000,0.000,0.0
7/3/2008,02:37:00,0.298,0.082,244.630,1.200,0.000,0.000,0.0
7/3/2008,02:38:00,0.298,0.082,245.310,1.200,0.000,0.000,0.0
7/3/2008,02:39:00,0.298,0.084,245.650,1.200,0.000,0.000,0.0
7/3/2008,02:40:00,0.298,0.082,245.570,1.200,0.000,0.000,0.0
7/3/2008,02:41:00,0.298,0.082,245.420,1.200,0.000,0.000,0.0
7/3/2008,02:42:00,0.296,0.082,245.460,1.200,0.000,0.000,0.0
7/3/2008,02:43:00,0.292,0.080,244.440,1.200,0.000,0.000,0.0
7/3/2008,02:44:00,0.292,0.080,244.440,1.200,0.000,0.000,0.0
7/3/2008,02:45:00,0.244,0.000,244.440,1.000,0.000,0.000,0.0
7/3/2008,02:46:00,0.222,0.000,244.980,0.800,0.000,0.000,0.0
7/3/2008,02:47:00,0.220,0.000,244.970,0.800,0.000,0.000,0.0
7/3/2008,02:48:00,0.220,0.000,244.970,0.800,0.000,0.000,0.0
7/3/2008,02:49:00,0.222,0.000,245.090,0.800,0.000,0.000,0.0
7/3/2008,02:50:00,0.224,0.000,245.180,0.800,0.000,0.000,0.0
7/3/2008,02:51:00,0.224,0.000,245.900,0.800,0.000,0.000,0.0
7/3/2008,02:52:00,0.224,0.000,245.700,0.800,0.000,0.000,0.0
7/3/2008,02:53:00,0.224,0.000,245.540,0.800,0.000,0.000,0.0
7/3/2008,02:54:00,0.222,0.000,244.940,0.800,0.000,0.000,0.0
7/3/2008,02:55:00,0.222,0.000,244.550,0.800,0.000,0.000,0.0
7/3/2008,02:56:00,0.222,0.000,244.120,0.800,0.000,0.000,0.0
7/3/2008,02:57:00,0.220,0.000,243.170,0.800,0.000,0.000,0.0
7/3/2008,02:58:00,0.220,0.000,243.550,0.800,0.000,0.000,0.0
7/3/2008,02:59:00,0.220,0.000,243.840,0.800,0.000,0.000,0.0
7/3/2008,03:00:00,0.222,0.000,244.740,0.800,0.000,0.000,0.0
7/3/2008,03:01:00,0.224,0.000,246.350,0.800,0.000,0.000,0.0
7/3/2008,03:02:00,0.346,0.114,246.480,1.600,0.000,0.000,0.0
7/3/2008,03:03:00,0.338,0.120,246.590,1.400,0.000,0.000,0.0
7/3/2008,03:04:00,0.334,0.120,246.520,1.400,0.000,0.000,0.0
7/3/2008,03:05:00,0.332,0.118,246.240,1.400,0.000,0.000,0.0
7/3/2008,03:06:00,0.332,0.118,246.100,1.400,0.000,0.000,0.0
7/3/2008,03:07:00,0.330,0.116,245.830,1.400,0.000,0.000,0.0
7/3/2008,03:08:00,0.328,0.118,246.100,1.400,0.000,0.000,0.0
7/3/2008,03:09:00,0.326,0.116,245.440,1.400,0.000,0.000,0.0
7/3/2008,03:10:00,0.324,0.114,245.100,1.400,0.000,0.000,0.0
7/3/2008,03:11:00,0.322,0.112,244.650,1.400,0.000,0.000,0.0
7/3/2008,03:12:00,0.322,0.114,244.920,1.400,0.000,0.000,0.0
7/3/2008,03:13:00,0.320,0.112,244.540,1.400,0.000,0.000,0.0
7/3/2008,03:14:00,0.320,0.112,244.970,1.400,0.000,0.000,0.0
7/3/2008,03:15:00,0.318,0.112,244.910,1.400,0.000,0.000,0.0
7/3/2008,03:16:00,0.320,0.114,245.600,1.400,0.000,0.000,0.0
7/3/2008,03:17:00,0.318,0.114,245.000,1.400,0.000,0.000,0.0
7/3/2008,03:18:00,0.262,0.000,245.300,1.000,0.000,0.000,0.0
7/3/2008,03:19:00,0.222,0.000,245.090,0.800,0.000,0.000,0.0
7/3/2008,03:20:00,0.222,0.000,245.100,0.800,0.000,0.000,0.0
7/3/2008,03:21:00,0.220,0.000,244.410,0.800,0.000,0.000,0.0
7/3/2008,03:22:00,0.220,0.000,244.310,0.800,0.000,0.000,0.0
7/3/2008,03:23:00,0.220,0.000,243.720,0.800,0.000,0.000,0.0
7/3/2008,03:24:00,0.220,0.000,243.940,0.800,0.000,0.000,0.0
7/3/2008,03:25:00,0.220,0.000,244.160,0.800,0.000,0.000,0.0
7/3/2008,03:26:00,0.268,0.000,244.710,1.200,0.000,0.000,0.0
7/3/2008,03:27:00,0.296,0.080,244.360,1.200,0.000,0.000,0.0
7/3/2008,03:28:00,0.298,0.080,244.200,1.200,0.000,0.000,0.0
7/3/2008,03:29:00,0.298,0.080,244.540,1.200,0.000,0.000,0.0
7/3/2008,03:30:00,0.298,0.082,244.860,1.200,0.000,0.000,0.0
7/3/2008,03:31:00,0.296,0.080,244.770,1.200,0.000,0.000,0.0
7/3/2008,03:32:00,0.296,0.082,245.360,1.200,0.000,0.000,0.0
7/3/2008,03:33:00,0.294,0.082,244.890,1.200,0.000,0.000,0.0
7/3/2008,03:34:00,0.288,0.074,244.610,1.200,0.000,0.000,0.0
7/3/2008,03:35:00,0.220,0.000,244.840,0.800,0.000,0.000,0.0
7/3/2008,03:36:00,0.222,0.000,244.860,0.800,0.000,0.000,0.0
7/3/2008,03:37:00,0.220,0.000,244.880,0.800,0.000,0.000,0.0
7/3/2008,03:38:00,0.220,0.000,244.870,0.800,0.000,0.000,0.0
7/3/2008,03:39:00,0.220,0.000,244.820,0.800,0.000,0.000,0.0
7/3/2008,03:40:00,0.220,0.000,244.300,0.800,0.000,0.000,0.0
7/3/2008,03:41:00,0.220,0.000,244.050,0.800,0.000,0.000,0.0
7/3/2008,03:42:00,0.218,0.000,243.640,0.800,0.000,0.000,0.0
7/3/2008,03:43:00,0.218,0.000,243.640,0.800,0.000,0.000,0.0
7/3/2008,03:44:00,0.218,0.000,243.130,0.800,0.000,0.000,0.0
7/3/2008,03:45:00,0.218,0.000,243.020,0.800,0.000,0.000,0.0
7/3/2008,03:46:00,0.218,0.000,242.970,0.800,0.000,0.000,0.0
7/3/2008,03:47:00,0.218,0.000,243.270,0.800,0.000,0.000,0.0
7/3/2008,03:48:00,0.220,0.000,244.320,0.800,0.000,0.000,0.0
7/3/2008,03:49:00,0.220,0.000,244.630,0.800,0.000,0.000,0.0
7/3/2008,03:50:00,0.220,0.000,244.690,0.800,0.000,0.000,0.0
7/3/2008,03:51:00,0.220,0.000,244.890,0.800,0.000,0.000,0.0
7/3/2008,03:52:00,0.222,0.000,245.400,0.800,0.000,0.000,0.0
7/3/2008,03:53:00,0.336,0.098,245.560,1.400,0.000,0.000,0.0
7/3/2008,03:54:00,0.336,0.114,245.610,1.400,0.000,0.000,0.0
7/3/2008,03:55:00,0.334,0.116,245.810,1.400,0.000,0.000,0.0
7/3/2008,03:56:00,0.332,0.116,245.840,1.400,0.000,0.000,0.0
7/3/2008,03:57:00,0.330,0.114,245.300,1.400,0.000,0.000,0.0
7/3/2008,03:58:00,0.328,0.114,245.140,1.400,0.000,0.000,0.0
7/3/2008,03:59:00,0.326,0.112,244.440,1.400,0.000,0.000,0.0
7/3/2008,04:00:00,0.326,0.112,244.550,1.400,0.000,0.000,0.0
7/3/2008,04:01:00,0.322,0.106,243.140,1.400,0.000,0.000,0.0
7/3/2008,04:02:00,0.320,0.104,242.580,1.400,0.000,0.000,0.0
7/3/2008,04:03:00,0.318,0.102,241.950,1.400,0.000,0.000,0.0
7/3/2008,04:04:00,0.318,0.102,242.020,1.400,0.000,0.000,0.0
7/3/2008,04:05:00,0.314,0.100,241.310,1.400,0.000,0.000,0.0
7/3/2008,04:06:00,0.314,0.102,241.650,1.400,0.000,0.000,0.0
7/3/2008,04:07:00,0.312,0.100,241.250,1.400,0.000,0.000,0.0
7/3/2008,04:08:00,0.312,0.098,240.890,1.400,0.000,0.000,0.0
7/3/2008,04:09:00,0.248,0.000,240.930,1.000,0.000,0.000,0.0
7/3/2008,04:10:00,0.218,0.000,241.800,0.800,0.000,0.000,0.0
7/3/2008,04:11:00,0.220,0.000,243.640,0.800,0.000,0.000,0.0
7/3/2008,04:12:00,0.240,0.000,243.500,1.000,0.000,0.000,0.0
7/3/2008,04:13:00,0.306,0.000,243.590,1.200,0.000,0.000,0.0
7/3/2008,04:14:00,0.220,0.000,243.370,0.800,0.000,0.000,0.0
7/3/2008,04:15:00,0.220,0.000,243.640,0.800,0.000,0.000,0.0
7/3/2008,04:16:00,0.220,0.000,243.620,0.800,0.000,0.000,0.0
7/3/2008,04:17:00,0.276,0.000,243.460,1.200,0.000,0.000,0.0
7/3/2008,04:18:00,0.294,0.074,242.700,1.200,0.000,0.000,0.0
7/3/2008,04:19:00,0.328,0.100,242.870,1.600,0.000,0.000,0.0
7/3/2008,04:20:00,0.378,0.200,242.850,1.600,0.000,1.000,0.0
7/3/2008,04:21:00,0.380,0.200,242.960,1.800,0.000,1.000,0.0
7/3/2008,04:22:00,0.376,0.200,243.320,1.600,0.000,1.000,0.0
7/3/2008,04:23:00,0.376,0.200,243.040,1.600,0.000,2.000,0.0
7/3/2008,04:24:00,0.396,0.198,242.660,1.800,0.000,1.000,0.0
7/3/2008,04:25:00,0.370,0.162,242.330,1.600,0.000,2.000,0.0
7/3/2008,04:26:00,0.304,0.092,242.540,1.200,0.000,1.000,0.0
7/3/2008,04:27:00,0.304,0.094,242.950,1.200,0.000,2.000,0.0
7/3/2008,04:28:00,0.304,0.094,242.950,1.200,0.000,1.000,0.0
7/3/2008,04:29:00,0.302,0.092,242.490,1.200,0.000,1.000,0.0
7/3/2008,04:30:00,0.302,0.092,242.600,1.200,0.000,2.000,0.0
7/3/2008,04:31:00,0.302,0.092,242.580,1.200,0.000,1.000,0.0
7/3/2008,04:32:00,0.300,0.092,242.560,1.200,0.000,2.000,0.0
7/3/2008,04:33:00,0.302,0.094,243.280,1.200,0.000,1.000,0.0
7/3/2008,04:34:00,0.302,0.096,243.970,1.200,0.000,1.000,0.0
7/3/2008,04:35:00,0.302,0.098,244.290,1.200,0.000,2.000,0.0
7/3/2008,04:36:00,0.300,0.098,244.390,1.200,0.000,1.000,0.0
7/3/2008,04:37:00,0.300,0.098,244.620,1.200,0.000,1.000,0.0
7/3/2008,04:38:00,0.300,0.102,245.490,1.200,0.000,2.000,0.0
7/3/2008,04:39:00,0.300,0.102,245.700,1.200,0.000,1.000,0.0
7/3/2008,04:40:00,0.298,0.102,245.600,1.200,0.000,1.000,0.0
7/3/2008,04:41:00,0.296,0.098,244.550,1.200,0.000,2.000,0.0
7/3/2008,04:42:00,0.296,0.098,244.460,1.200,0.000,1.000,0.0
7/3/2008,04:43:00,0.296,0.098,244.470,1.200,0.000,1.000,0.0
7/3/2008,04:44:00,0.374,0.180,243.710,1.800,0.000,1.000,0.0
7/3/2008,04:45:00,0.406,0.238,244.610,1.800,0.000,2.000,0.0
7/3/2008,04:46:00,0.404,0.242,245.450,1.800,0.000,1.000,0.0
7/3/2008,04:47:00,0.402,0.238,244.550,1.800,0.000,1.000,0.0
7/3/2008,04:48:00,0.400,0.234,244.080,1.800,0.000,1.000,0.0
7/3/2008,04:49:00,0.398,0.236,244.170,1.800,0.000,2.000,0.0
7/3/2008,04:50:00,0.372,0.192,244.050,1.600,0.000,0.000,0.0
7/3/2008,04:51:00,0.322,0.106,243.090,1.400,0.000,0.000,0.0
7/3/2008,04:52:00,0.320,0.104,242.250,1.400,0.000,0.000,0.0
7/3/2008,04:53:00,0.318,0.104,242.170,1.400,0.000,0.000,0.0
7/3/2008,04:54:00,0.316,0.102,241.390,1.400,0.000,0.000,0.0
7/3/2008,04:55:00,0.314,0.100,241.340,1.400,0.000,0.000,0.0
7/3/2008,04:56:00,0.316,0.104,242.370,1.400,0.000,0.000,0.0
7/3/2008,04:57:00,0.314,0.104,242.420,1.400,0.000,0.000,0.0
7/3/2008,04:58:00,0.314,0.106,242.980,1.400,0.000,0.000,0.0
7/3/2008,04:59:00,0.316,0.108,243.460,1.400,0.000,0.000,0.0
7/3/2008,05:00:00,0.260,0.000,243.290,1.000,0.000,0.000,0.0
7/3/2008,05:01:00,0.218,0.000,242.740,0.800,0.000,0.000,0.0
7/3/2008,05:02:00,0.216,0.000,241.860,0.800,0.000,0.000,0.0
7/3/2008,05:03:00,0.216,0.000,241.970,0.800,0.000,0.000,0.0
7/3/2008,05:04:00,0.218,0.000,242.690,0.800,0.000,0.000,0.0
7/3/2008,05:05:00,0.218,0.000,242.700,0.800,0.000,0.000,0.0
7/3/2008,05:06:00,0.218,0.000,242.560,0.800,0.000,0.000,0.0
7/3/2008,05:07:00,0.218,0.000,242.640,0.800,0.000,0.000,0.0
7/3/2008,05:08:00,0.218,0.000,242.510,0.800,0.000,0.000,0.0
7/3/2008,05:09:00,0.266,0.000,242.390,1.200,0.000,0.000,0.0
7/3/2008,05:10:00,0.292,0.074,242.280,1.200,0.000,0.000,0.0
7/3/2008,05:11:00,0.292,0.072,241.890,1.200,0.000,0.000,0.0
7/3/2008,05:12:00,0.292,0.072,241.700,1.200,0.000,0.000,0.0
7/3/2008,05:13:00,0.292,0.072,241.590,1.200,0.000,0.000,0.0
7/3/2008,05:14:00,0.290,0.070,241.030,1.200,0.000,0.000,0.0
7/3/2008,05:15:00,0.288,0.070,240.860,1.200,0.000,0.000,0.0
7/3/2008,05:16:00,0.290,0.072,241.460,1.200,0.000,0.000,0.0
7/3/2008,05:17:00,0.534,0.050,241.740,2.800,0.000,0.000,2.0
7/3/2008,05:18:00,1.334,0.000,240.810,5.400,0.000,0.000,18.0
7/3/2008,05:19:00,1.332,0.000,241.960,5.400,0.000,0.000,19.0
7/3/2008,05:20:00,1.314,0.000,241.570,5.400,0.000,0.000,18.0
7/3/2008,05:21:00,1.308,0.000,241.890,5.400,0.000,0.000,18.0
7/3/2008,05:22:00,1.300,0.000,241.410,5.400,0.000,0.000,18.0
7/3/2008,05:23:00,1.298,0.000,241.480,5.200,0.000,0.000,18.0
7/3/2008,05:24:00,1.290,0.000,240.890,5.200,0.000,0.000,18.0
7/3/2008,05:25:00,1.292,0.000,241.060,5.200,0.000,0.000,18.0
7/3/2008,05:26:00,1.302,0.000,242.180,5.400,0.000,0.000,18.0
7/3/2008,05:27:00,1.298,0.000,241.880,5.200,0.000,0.000,18.0
7/3/2008,05:28:00,1.292,0.000,241.370,5.200,0.000,0.000,18.0
7/3/2008,05:29:00,1.286,0.000,240.840,5.200,0.000,0.000,18.0
7/3/2008,05:30:00,1.282,0.000,240.350,5.200,0.000,0.000,18.0
7/3/2008,05:31:00,1.280,0.000,240.190,5.200,0.000,0.000,17.0
7/3/2008,05:32:00,1.276,0.000,239.870,5.200,0.000,0.000,18.0
7/3/2008,05:33:00,1.274,0.046,239.540,5.200,0.000,0.000,17.0
7/3/2008,05:34:00,1.268,0.046,239.080,5.200,0.000,0.000,18.0
7/3/2008,05:35:00,1.268,0.046,238.970,5.200,0.000,0.000,18.0
7/3/2008,05:36:00,1.340,0.000,239.400,5.600,0.000,0.000,17.0
7/3/2008,05:37:00,1.378,0.084,239.080,5.600,0.000,0.000,18.0
7/3/2008,05:38:00,1.378,0.084,239.390,5.600,0.000,0.000,17.0
7/3/2008,05:39:00,1.376,0.084,239.280,5.600,0.000,0.000,18.0
7/3/2008,05:40:00,1.378,0.086,239.610,5.600,0.000,0.000,17.0
7/3/2008,05:41:00,1.384,0.088,240.200,5.600,0.000,0.000,18.0
7/3/2008,05:42:00,1.394,0.090,241.110,5.800,0.000,0.000,18.0
7/3/2008,05:43:00,1.386,0.088,240.510,5.600,0.000,0.000,18.0
7/3/2008,05:44:00,1.386,0.088,240.570,5.600,0.000,0.000,17.0
7/3/2008,05:45:00,1.382,0.088,240.450,5.600,0.000,0.000,18.0
7/3/2008,05:46:00,1.374,0.086,239.780,5.600,0.000,0.000,18.0
7/3/2008,05:47:00,1.374,0.086,239.880,5.600,0.000,0.000,17.0
7/3/2008,05:48:00,1.378,0.088,240.300,5.600,0.000,0.000,18.0
7/3/2008,05:49:00,1.380,0.088,240.500,5.600,0.000,0.000,18.0
7/3/2008,05:50:00,1.384,0.090,241.010,5.600,0.000,0.000,18.0
7/3/2008,05:51:00,1.382,0.090,240.900,5.600,0.000,0.000,17.0
7/3/2008,05:52:00,1.332,0.000,240.340,5.400,0.000,0.000,18.0
7/3/2008,05:53:00,0.708,0.000,241.440,3.600,0.000,0.000,9.0
7/3/2008,05:54:00,0.220,0.000,242.760,0.800,0.000,0.000,0.0
7/3/2008,05:55:00,0.220,0.000,243.630,0.800,0.000,0.000,0.0
7/3/2008,05:56:00,0.220,0.000,243.420,0.800,0.000,0.000,0.0
7/3/2008,05:57:00,0.218,0.000,242.420,0.800,0.000,0.000,0.0
7/3/2008,05:58:00,0.224,0.000,242.680,1.000,0.000,0.000,0.0
7/3/2008,05:59:00,0.226,0.000,242.640,1.000,0.000,0.000,0.0
7/3/2008,06:00:00,0.226,0.000,242.350,1.000,0.000,0.000,0.0
7/3/2008,06:01:00,0.224,0.000,241.350,1.000,0.000,0.000,0.0
7/3/2008,06:02:00,0.246,0.000,240.840,1.200,0.000,0.000,0.0
7/3/2008,06:03:00,0.296,0.070,240.640,1.200,0.000,0.000,0.0
